track_id,genre,real_track_id,path,artist,album,title,spotify_track_id,
1,classical,1,/content/classical/1.mp3,Voices of Music,"Bach and Telemann - Sonatas, Preludes and Fantasias",Trio Sonata in C Major BWV 529-2. Largo (JS Bach),3noCucxyyYHVjoZUcgwFne,https://open.spotify.com/track/3noCucxyyYHVjoZUcgwFne
2,classical,2,/content/classical/2.mp3,Musica Franca,Boismortier - Sonatas for Two Bassoons and Continuo,21 - Sonata No. 2 in G major Op. 50 - Largo ,5PyUN8q3mhhLisP5T1FkoS,https://open.spotify.com/track/5PyUN8q3mhhLisP5T1FkoS
3,classical,3,/content/classical/3.mp3,Gonzalo X Ruiz,Imported from Italy,Sonata for Violoncello and Basso Continuo in Bb: Allegro - RV 43 (Vivaldi),1Is9g3H5cE1WkrCYRARQr0,https://open.spotify.com/track/1Is9g3H5cE1WkrCYRARQr0
4,classical,4,/content/classical/4.mp3,Ivan Ilic,"Elegance and Refinement - Baroque Suites, French Sweets",Handel- Suite in Fa Major (Adagio),0GxOPfVpmkKNoem5rKurNc,https://open.spotify.com/track/0GxOPfVpmkKNoem5rKurNc
5,classical,5,/content/classical/5.mp3,Ivan Ilic,Romantic - Powerful Miniatures by Schumann and Brahms,Intermezzo in B flat Minor Opus 117 No.2 (Johannes Brahms),2hmC0upWZmAkg9ZwSDHD7Q,https://open.spotify.com/track/2hmC0upWZmAkg9ZwSDHD7Q
6,classical,6,/content/classical/6.mp3,Daniel Ben Pienaar,JS Bach - Book 1 CD2 Well-Tempered Clavier,Prelude and Fugue No 13 in F-sharp major,4aYA8f11fOfA375RZdNfCW,https://open.spotify.com/track/4aYA8f11fOfA375RZdNfCW
7,classical,7,/content/classical/7.mp3,Voices of Music,"Bach and Telemann - Sonatas, Preludes and Fantasias",Trio Sonata in D minor-1 Allegro (Telemann),15biOfRTqZrfLxe6P1ddoh,https://open.spotify.com/track/15biOfRTqZrfLxe6P1ddoh
8,classical,8,/content/classical/8.mp3,Edward Martin,Allemande,Suite in C Major-1 Prelude-Johann Gottfried Conradi,3alsYfAMWcYaBOhoxzp5Re,https://open.spotify.com/track/3alsYfAMWcYaBOhoxzp5Re
9,classical,9,/content/classical/9.mp3,Magnatune Compilation,Romantic Dinner Classical Compilation,Sonnerie - from Handel Trio Sonatas,3bhUaQfHR9l98boGu6Q24a,https://open.spotify.com/track/3bhUaQfHR9l98boGu6Q24a
10,classical,10,/content/classical/10.mp3,Cary Chow,Zirkus - Step Inside - Piano Music of Robert Schumann,Carnaval Opus 9 - Preambule,2Z4XKdoR9IkDSfbmYMc1AN,https://open.spotify.com/track/2Z4XKdoR9IkDSfbmYMc1AN
11,classical,11,/content/classical/11.mp3,SCD,Biber Violin Sonatas,"Biber: Sonata 6 in C Minor (from 8 Sonatas, 1681)",0K8yQhQqosSxnqUzgw7QGY,https://open.spotify.com/track/0K8yQhQqosSxnqUzgw7QGY
12,classical,12,/content/classical/12.mp3,Voices of Music,"Bach and Telemann - Sonatas, Preludes and Fantasias",Trio Sonata in D minor-3. Allegro (Telemann),04cjhGLhlf3NKBGEPl1fEk,https://open.spotify.com/track/04cjhGLhlf3NKBGEPl1fEk
13,classical,13,/content/classical/13.mp3,Ivan Ilic,Fugitive Visions - Piano Masterworks by Chopin and Liszt,Chopin Prelude In E Major Opus 28,1WcJcEqsyUEeCKhVfj7ZCX,https://open.spotify.com/track/1WcJcEqsyUEeCKhVfj7ZCX
14,classical,14,/content/classical/14.mp3,Ingrid Matthews and Byron Schenkman,CD1-JS Bach-Six Sonatas for Violin and Harpsichord,Sonata No. 2 BWV 1015 - 1. Dolce (J.S. Bach),1YW5gCS7I30eFDSqQClLkL,https://open.spotify.com/track/1YW5gCS7I30eFDSqQClLkL
15,classical,15,/content/classical/15.mp3,Ingrid Matthews and Byron Schenkman,CD2-JS Bach-Six Sonatas for Violin and Harpsichord,Sonata No. 4 BWV 1017 - 1. Largo (J.S. Bach),6Ggxftkv6OQiqWlueijfAt,https://open.spotify.com/track/6Ggxftkv6OQiqWlueijfAt
16,classical,16,/content/classical/16.mp3,Ivan Ilic,Fugitive Visions - Piano Masterworks by Chopin and Liszt,Chopin Prelude In G Minor Opus 28,30M2CvrI43F81Agt6L68pd,https://open.spotify.com/track/30M2CvrI43F81Agt6L68pd
17,classical,17,/content/classical/17.mp3,Ivan Ilic,Romantic - Powerful Miniatures by Schumann and Brahms,Intermezzo in E Major Opus 116 No.4 (Johannes Brahms),3ECEXIrTvYxZks4Bwi2dzX,https://open.spotify.com/track/3ECEXIrTvYxZks4Bwi2dzX
18,classical,18,/content/classical/18.mp3,Musica Franca,Boismortier - Sonatas for Two Bassoons and Continuo,22 - Sonata No. 2 in G major Op. 50 - Allemanda (allegro) ,6AbJYp4BOAxSvTHWThxAXX,https://open.spotify.com/track/6AbJYp4BOAxSvTHWThxAXX
19,classical,19,/content/classical/19.mp3,Ralph Rousseau Meulenbroeks,Back with Bach,Sonata BWV 1027 in G major: adagio,2FJqhCF3b1Jrx9LVmmIwKC,https://open.spotify.com/track/2FJqhCF3b1Jrx9LVmmIwKC
20,classical,20,/content/classical/20.mp3,Oberlin Consort of Viols,5 and 6 part Fantasies of William Lawes,Set a 5 in C Minor,3tJd0S5eBfoNtZe2xbWA2K,https://open.spotify.com/track/3tJd0S5eBfoNtZe2xbWA2K
21,classical,21,/content/classical/21.mp3,Gonzalo X Ruiz,Imported from Italy,Sonata for Oboe and Bassoc Continuo in G major: Andante (Sammartini),,https://open.spotify.com/track/
22,classical,22,/content/classical/22.mp3,Altri Stromenti,Uccellini,Confitebor (Monteverdi),0cfGs4N60UTK8YJmy4mx0m,https://open.spotify.com/track/0cfGs4N60UTK8YJmy4mx0m
23,classical,23,/content/classical/23.mp3,American Bach Soloists,JS Bach Cantatas VI - Favorite Cantatas,Wachet auf ruft uns die Stimme (BWV 140) - Chorus,3cS5Fa7MUtOLIscTD2JCJd,https://open.spotify.com/track/3cS5Fa7MUtOLIscTD2JCJd
24,classical,24,/content/classical/24.mp3,Bezdin Ensemble,Boccherini Fandango Box,Fandango (Luigi Boccherini),5b1vdxJqoVCmdfdg0tRg2M,https://open.spotify.com/track/5b1vdxJqoVCmdfdg0tRg2M
25,classical,25,/content/classical/25.mp3,SCD,Biber Violin Sonatas,"Froberger: Toccata III in C Major, 1656",53bqTstpTJoH7ATnybwJVk,https://open.spotify.com/track/53bqTstpTJoH7ATnybwJVk
26,classical,26,/content/classical/26.mp3,American Bach Soloists,JS Bach - Transcriptions of Italian Music,Concerto in A Minor for Four Harpsichords BWV 1065: I Allegro,4lIVZ3B6Kn3BpiCht4FuGh,https://open.spotify.com/track/4lIVZ3B6Kn3BpiCht4FuGh
27,classical,27,/content/classical/27.mp3,American Bach Soloists,Joseph Haydn - Masses,Kyrie - Allegro moderato,5qHXDzFau4YsHs8uplrbsI,https://open.spotify.com/track/5qHXDzFau4YsHs8uplrbsI
28,classical,28,/content/classical/28.mp3,American Baroque,Mozart 4 Quartets for Strings and Winds,Oboe Quartet in F (K370) - Allegro,0MT74goLdNtbBbor5myikR,https://open.spotify.com/track/0MT74goLdNtbBbor5myikR
29,classical,29,/content/classical/29.mp3,Altri Stromenti,Italian Music of the 17th Century,La Savorgnana (Giovanni Legrenzi),5sTiGK6oljvejJIVkeGvm4,https://open.spotify.com/track/5sTiGK6oljvejJIVkeGvm4
30,classical,30,/content/classical/30.mp3,Bezdin Ensemble,Vivaldi Sacred Box,Gloria (Antonio Vivaldi),5Gl66c872rP9JWrJTetGD4,https://open.spotify.com/track/5Gl66c872rP9JWrJTetGD4
31,classical,31,/content/classical/31.mp3,Briddes Roune,Lenten is come,Lenten is come,1Eh3Jw3vLepRReEhbBPUqU,https://open.spotify.com/track/1Eh3Jw3vLepRReEhbBPUqU
32,classical,32,/content/classical/32.mp3,Altri Stromenti,Italian Music of the 17th Century,Sonata Prima Detta La Poggia (Marco Uccellini),40q1FR5hnTGTdCzIP4Mzd3,https://open.spotify.com/track/40q1FR5hnTGTdCzIP4Mzd3
33,classical,33,/content/classical/33.mp3,Ivan Ilic,"Elegance and Refinement - Baroque Suites, French Sweets",JS Bach: Partita in C minor (Sarabande),342zoYfaXJUsn3YrPND0at,https://open.spotify.com/track/342zoYfaXJUsn3YrPND0at
34,classical,34,/content/classical/34.mp3,Doc Rossi,Demarzi-6 Sonatas for Cetra o Kitara,Sonata I Sostenuto,16ZNTJAAC45yC2SCTkshVZ,https://open.spotify.com/track/16ZNTJAAC45yC2SCTkshVZ
35,classical,35,/content/classical/35.mp3,Duo Chambure,Vihuela Duets of Valderrabano,Andreas Christi Sancte Andrea (Cristobal de Morales),6bzAzrOg2Mnik9qa0KiaXH,https://open.spotify.com/track/6bzAzrOg2Mnik9qa0KiaXH
36,classical,36,/content/classical/36.mp3,Edward Martin and Paul Berget,Baroque Lute Duets,Sonata In C Major (Weiss) - Andante,3BQFGCKyRr5OCLDainTXV5,https://open.spotify.com/track/3BQFGCKyRr5OCLDainTXV5
37,classical,37,/content/classical/37.mp3,Edward Martin and William Bastian,Virtues and Vices,Come again: sweet love doth now invite (John Dowland),05FFIgykhFtuVoYxy5iSMc,https://open.spotify.com/track/05FFIgykhFtuVoYxy5iSMc
38,classical,38,/content/classical/38.mp3,Edward Martin,Art of the Lute in Renaissance France,Prelude (Phalese),0d6SBWwgSnS1uGLSHZILzQ,https://open.spotify.com/track/0d6SBWwgSnS1uGLSHZILzQ
39,classical,39,/content/classical/39.mp3,Bezdin Ensemble,Boccherini Fandango Box,Sinfonia in La Maggiore (Luigi Boccherini),1MCtbtBHwKBxS56B8EmvUW,https://open.spotify.com/track/1MCtbtBHwKBxS56B8EmvUW
40,classical,40,/content/classical/40.mp3,Bezdin Ensemble,Si Fossi Foco,If I were wind I would tempest you,3DBjy35Qk2nFQ5fdBdreiN,https://open.spotify.com/track/3DBjy35Qk2nFQ5fdBdreiN
41,classical,41,/content/classical/41.mp3,Ensemble Mirable,Conversations Galantes,Sonata III in d minor (Allegro:Moderato),1TnJhPjtKPMGHCh1zZtyss,https://open.spotify.com/track/1TnJhPjtKPMGHCh1zZtyss
42,classical,42,/content/classical/42.mp3,Ensemble Mirable,Triemer Six Cello Sonatas,Sonata 1 (Largo),5Fv1v10QCskvJAk1vGID9X,https://open.spotify.com/track/5Fv1v10QCskvJAk1vGID9X
43,classical,43,/content/classical/43.mp3,Ensemble Vermillian,Stolen Jewels,Rosenmuller Sonata Teraz a 2 Allegro,1RScV1DNccMvkyy0wHFrzX,https://open.spotify.com/track/1RScV1DNccMvkyy0wHFrzX
44,classical,44,/content/classical/44.mp3,Altri Stromenti,Italian Music of the 17th Century,Ballo Del Gran Ducca (Giovanni Battista Buonamente),4kG6LyEa5ffkjbg1BAr489,https://open.spotify.com/track/4kG6LyEa5ffkjbg1BAr489
45,classical,45,/content/classical/45.mp3,Gerard Satamian,Dry Fig Trees,Chansons sans paroles (1989) op. 2 Pastorale,1gqOg3La1P3q0X3FMsHcZE,https://open.spotify.com/track/1gqOg3La1P3q0X3FMsHcZE
46,classical,46,/content/classical/46.mp3,Gonzalo X Ruiz,JS Bach - Transcriptions for Oboe,Sonata in C major for oboe and basso continuo after BWV 1035 (adagio ma non tanto),478yZ3EhghZ904UI5cWvzz,https://open.spotify.com/track/478yZ3EhghZ904UI5cWvzz
47,classical,47,/content/classical/47.mp3,Gonzalo X Ruiz,Schumann Romances,Drei Romanzen Op. 94 (Nicht schnell),2EXWMX2c4TWjYERxCVbMn0,https://open.spotify.com/track/2EXWMX2c4TWjYERxCVbMn0
48,classical,48,/content/classical/48.mp3,Hanneke van Proosdij,Harpsichord suites of Chambonnieres,Suite in d minor - Allemande la Loureuse,7IRVyRWNANnrS7a34Co8Gu,https://open.spotify.com/track/7IRVyRWNANnrS7a34Co8Gu
49,classical,49,/content/classical/49.mp3,Bezdin Ensemble,Vivaldi Sacred Box,Stabat Mater (Antonio Vivaldi),1zMuOy2UkliKAVZMtGB2ac,https://open.spotify.com/track/1zMuOy2UkliKAVZMtGB2ac
50,classical,50,/content/classical/50.mp3,Bezdin Ensemble,Si Fossi Foco,If I were fire,2Qvv9ZPVsvglmOdg9E0xDd,https://open.spotify.com/track/2Qvv9ZPVsvglmOdg9E0xDd
51,classical,51,/content/classical/51.mp3,Jacob Heringman,Josquin des Prez Lute Settings,Anon : Praeter rerum seriem,5B02PJiyIStKXSbFHcbM3V,https://open.spotify.com/track/5B02PJiyIStKXSbFHcbM3V
52,classical,52,/content/classical/52.mp3,Bezdin Ensemble,Boccherini Fandango Box,La Ritirata Di Madrid (Luigi Boccherini),3fecSKGPdidrgxxnXK90MK,https://open.spotify.com/track/3fecSKGPdidrgxxnXK90MK
53,classical,53,/content/classical/53.mp3,Bezdin Ensemble,Si Fossi Foco,If I were pope,7o1TVJEGSS00SySGDPuE52,https://open.spotify.com/track/7o1TVJEGSS00SySGDPuE52
54,classical,54,/content/classical/54.mp3,Musica Franca,Corrette - Le Phenix - Les Delices de la Solitude,Phenix - Allegro,0ru7ppZyya7NVqnpNFBF3u,https://open.spotify.com/track/0ru7ppZyya7NVqnpNFBF3u
55,classical,55,/content/classical/55.mp3,Altri Stromenti,Italian Music of the 17th Century,Avanti Il Quarto Brando (Giovanni Battista Buonamente),5zCFefmkIAQS0mrTGv1TFE,https://open.spotify.com/track/5zCFefmkIAQS0mrTGv1TFE
56,classical,56,/content/classical/56.mp3,Musica Franca,Corrette - Le Phenix - Les Delices de la Solitude,Les Delices de la Solitude Op. 20 - Sonata I in F major - Aria,1lcVtQke76cGIzgTnzFdpl,https://open.spotify.com/track/1lcVtQke76cGIzgTnzFdpl
57,classical,57,/content/classical/57.mp3,Bezdin Ensemble,Vivaldi Sacred Box,Magnificat (Antonio Vivaldi),4BrqvRI17dsHRmj6IpV1GM,https://open.spotify.com/track/4BrqvRI17dsHRmj6IpV1GM
58,classical,58,/content/classical/58.mp3,Bezdin Ensemble,Si Fossi Foco,If I were emperor,3ecSXt5Y3LOLCToRB4i63p,https://open.spotify.com/track/3ecSXt5Y3LOLCToRB4i63p
59,classical,59,/content/classical/59.mp3,Bezdin Ensemble,Boccherini Fandango Box,Sinfonia In Re Minore (Luigi Boccherini),4pqh9rZuRVVHruSetDHLE3,https://open.spotify.com/track/4pqh9rZuRVVHruSetDHLE3
60,classical,60,/content/classical/60.mp3,Ivan Ilic,Fugitive Visions - Piano Masterworks by Chopin and Liszt,Chopin Prelude In B Minor Opus 28,27dNq6LLwOrP91v2i2FO0D,https://open.spotify.com/track/27dNq6LLwOrP91v2i2FO0D
61,classical,61,/content/classical/61.mp3,Musica Franca,Corrette - Le Phenix - Les Delices de la Solitude,Sonata II in D minor - Allegro,2iHH1qVZPw1J1Lf1mifRSt,https://open.spotify.com/track/2iHH1qVZPw1J1Lf1mifRSt
62,classical,62,/content/classical/62.mp3,Janine Johnson,Chopin Recital,Waltz KK IVa no.12 in E major,1f3MVDwSNuqBtMxloyLvvD,https://open.spotify.com/track/1f3MVDwSNuqBtMxloyLvvD
63,classical,63,/content/classical/63.mp3,Ivan Ilic,Romantic - Powerful Miniatures by Schumann and Brahms,Intermezzo in E Major Opus 116 No.6 (Johannes Brahms),1Sa03TevW8uKcVieD3LHJ0,https://open.spotify.com/track/1Sa03TevW8uKcVieD3LHJ0
64,classical,64,/content/classical/64.mp3,Musica Franca,Corrette - Le Phenix - Les Delices de la Solitude,Sonata III in C major - Fuga da capella,5tY3Nzjutp05g2OleVbthn,https://open.spotify.com/track/5tY3Nzjutp05g2OleVbthn
65,classical,65,/content/classical/65.mp3,Janine Johnson,Telemann Harpsichord Solos from Der Getreue Music Meister,Trouble fete (Gorner),3NpNbK1v8O6uU0dQMJgkuz,https://open.spotify.com/track/3NpNbK1v8O6uU0dQMJgkuz
66,classical,66,/content/classical/66.mp3,Ivan Ilic,Fugitive Visions - Piano Masterworks by Chopin and Liszt,Chopin Prelude In C Sharp Minor Opus 28,7KJio7FwXuLrqvmmG1y4Rj,https://open.spotify.com/track/7KJio7FwXuLrqvmmG1y4Rj
67,classical,67,/content/classical/67.mp3,Altri Stromenti,Italian Music of the 17th Century,Gagliard Seconda (Giovanni Battista Buonamente),376Ex3IlFOpcXelKREEFH7,https://open.spotify.com/track/376Ex3IlFOpcXelKREEFH7
68,classical,68,/content/classical/68.mp3,John Fleagle,Worlds Bliss - Medieval Songs of Love and Death,Alysoun,6ozOXbh1k3XBIHL9kzCAxf,https://open.spotify.com/track/6ozOXbh1k3XBIHL9kzCAxf
69,classical,69,/content/classical/69.mp3,JungHae Kim,The Virginalists,More Palatino (Jan Pieterszoon Sweelinck),0vHQEJFE8EEfGtwuaQsCE8,https://open.spotify.com/track/0vHQEJFE8EEfGtwuaQsCE8
70,classical,70,/content/classical/70.mp3,Katherine Roberts Perl,JS Bach French Suites,Suite No 4 in E flat major BWV 815: Allemande,7p8SPhxmUJbWZQ37WJBl15,https://open.spotify.com/track/7p8SPhxmUJbWZQ37WJBl15
71,classical,71,/content/classical/71.mp3,La Primavera,English Renaissance Music,Oxenford (Anon),1eiI9Vgpr7reo0tRULPRpV,https://open.spotify.com/track/1eiI9Vgpr7reo0tRULPRpV
72,classical,72,/content/classical/72.mp3,Lara St John,Bach Violin Concertos,BWV 1041 : I. Allegro,1ubTqi3QUWWTR82ltF8ZG0,https://open.spotify.com/track/1ubTqi3QUWWTR82ltF8ZG0
73,classical,73,/content/classical/73.mp3,Ivan Ilic,Fugitive Visions - Piano Masterworks by Chopin and Liszt,Chopin Prelude In C Major Opus 28,1WcJcEqsyUEeCKhVfj7ZCX,https://open.spotify.com/track/1WcJcEqsyUEeCKhVfj7ZCX
74,classical,74,/content/classical/74.mp3,Lara St John,Bach Violin Concertos,BWV 1001 / IV. Presto,1E9BEYNXGE25B4HRNbe38a,https://open.spotify.com/track/1E9BEYNXGE25B4HRNbe38a
75,classical,75,/content/classical/75.mp3,Ivan Ilic,Romantic - Powerful Miniatures by Schumann and Brahms,Romance in B Major Opus 28 No.3 (Robert Schumann),2p07d16xdpMvjTfYJaMho9,https://open.spotify.com/track/2p07d16xdpMvjTfYJaMho9
76,classical,76,/content/classical/76.mp3,Maryse Carlin,Rameau - Pieces De Clavecin En Concerts - Forqueray Suites 4 and 5,Premier Concert - Coulicam (Rameau),1pjeeQKWoQxXewmBVpHtub,https://open.spotify.com/track/1pjeeQKWoQxXewmBVpHtub
77,classical,77,/content/classical/77.mp3,Ivan Ilic,Fugitive Visions - Piano Masterworks by Chopin and Liszt,Chopin Prelude In A Flat Major Opus 28,78LNt4v31eS7gqs3S4O8WZ,https://open.spotify.com/track/78LNt4v31eS7gqs3S4O8WZ
78,classical,78,/content/classical/78.mp3,Music of the Spheres,Music of the Spheres,Matteis: Ground After the Scotch Humour,70LgM1ANLX30VmZDRYCmFD,https://open.spotify.com/track/70LgM1ANLX30VmZDRYCmFD
79,classical,79,/content/classical/79.mp3,Musica Franca,Boismortier - Sonatas for Two Bassoons and Continuo,Sonata No. 1 in E minor Op. 50 - Andante ,5wIdceHrFREUDPGWLYfOSy,https://open.spotify.com/track/5wIdceHrFREUDPGWLYfOSy
80,classical,80,/content/classical/80.mp3,Musica Franca,Corrette - Le Phenix - Les Delices de la Solitude,Phenix - Allegro,0ru7ppZyya7NVqnpNFBF3u,https://open.spotify.com/track/0ru7ppZyya7NVqnpNFBF3u
81,classical,81,/content/classical/81.mp3,Musica Franca,Corrette - Le Phenix - Les Delices de la Solitude,Sonata IV in B-flat major - Bruit de chasse,27xdEutt3SrBR3LfWoEfAr,https://open.spotify.com/track/27xdEutt3SrBR3LfWoEfAr
82,classical,82,/content/classical/82.mp3,Ivan Ilic,Romantic - Powerful Miniatures by Schumann and Brahms,Intermezzo in E flat Major Opus 117 No.1 (Johannes Brahms),0cNkTX5z7HF9ZO6IpuHY6t,https://open.spotify.com/track/0cNkTX5z7HF9ZO6IpuHY6t
83,classical,83,/content/classical/83.mp3,Orinda,Airs de Cour,Ma belle si ton ame (Gilles Durant de la Bergerie),3WvlPjx0LsThdnDOybICr1,https://open.spotify.com/track/3WvlPjx0LsThdnDOybICr1
84,classical,84,/content/classical/84.mp3,Paul Beier,Alessandro Piccinini,Toccata XX,6QeNSsgkxDTKOKvIbta9e3,https://open.spotify.com/track/6QeNSsgkxDTKOKvIbta9e3
85,classical,85,/content/classical/85.mp3,Altri Stromenti,Italian Music of the 17th Century,Aria Nona (Marco Uccellini),2G4PNYSG5MFebgYEkjhV5X,https://open.spotify.com/track/2G4PNYSG5MFebgYEkjhV5X
86,classical,86,/content/classical/86.mp3,Ivan Ilic,Romantic - Powerful Miniatures by Schumann and Brahms,Capriccio in G minor Opus 116 No.3 (Johannes Brahms),31btse2R2Yl3c2Mq0c97Mx,https://open.spotify.com/track/31btse2R2Yl3c2Mq0c97Mx
87,classical,87,/content/classical/87.mp3,Paul Berget,JS Bach on the Lute,Prelude (BWV 996) ,1m1FlZqQxFSaE5IHJyWxpG,https://open.spotify.com/track/1m1FlZqQxFSaE5IHJyWxpG
88,classical,88,/content/classical/88.mp3,Ivan Ilic,Fugitive Visions - Piano Masterworks by Chopin and Liszt,Chopin Prelude In G Sharp Minor Opus 28,6QigSGaSqn2qSM5pTf5HNG,https://open.spotify.com/track/6QigSGaSqn2qSM5pTf5HNG
89,classical,89,/content/classical/89.mp3,Ivan Ilic,Romantic - Powerful Miniatures by Schumann and Brahms,Romance in F sharp Major Opus 28 No.2 (Robert Schumann),05KYRG87szC4jAgzplWB2O,https://open.spotify.com/track/05KYRG87szC4jAgzplWB2O
90,classical,90,/content/classical/90.mp3,Phebe Craig and Katherine Westine,Beside Themselves,WF Bach: Concerto in F Major for 2 Harpsichords (Allegro moderato),03Fk519kEz0ys4RzBabHsD,https://open.spotify.com/track/03Fk519kEz0ys4RzBabHsD
91,classical,91,/content/classical/91.mp3,Ralph Rousseau Meulenbroeks,Moved By Marais,Prelude: Suite In G Minor: Le Cinquieme Livre De Pieces De Viole (1725),1tDZq6ZP7fKM6rebhQVwhl,https://open.spotify.com/track/1tDZq6ZP7fKM6rebhQVwhl
92,classical,92,/content/classical/92.mp3,Richard Savino,Legrenzi - Venice Before Vivaldi,Sonata Seconda A Tre - Due Violini E Viola Da Brazzo,1JcAEa0j4ddDkKsAAu72MT,https://open.spotify.com/track/1JcAEa0j4ddDkKsAAu72MT
93,classical,93,/content/classical/93.mp3,Richard Savino,Mertz - Bardic Sounds,To Malvina,6elVjmMY7mHLAsf8WI2I29,https://open.spotify.com/track/6elVjmMY7mHLAsf8WI2I29
94,classical,94,/content/classical/94.mp3,Altri Stromenti,Italian Music of the 17th Century,La Maltese (Mauritio Cazzati),0upI0Lh3iOCKAEWUYZljXh,https://open.spotify.com/track/0upI0Lh3iOCKAEWUYZljXh
95,classical,95,/content/classical/95.mp3,Musica Franca,Corrette - Le Phenix - Les Delices de la Solitude,Concerto No. 1 in G major Op. 26 for Organ - Allegro,5dB1DJRRjpMSnjhZzATuJt,https://open.spotify.com/track/5dB1DJRRjpMSnjhZzATuJt
96,classical,96,/content/classical/96.mp3,Seth Carlin,Mozart in the Age of Enlightenment,Sonata in G major - Allegro (Juliane Reichardt),7kuY7DRyd46M59u8FpdXdJ,https://open.spotify.com/track/7kuY7DRyd46M59u8FpdXdJ
97,classical,97,/content/classical/97.mp3,Ivan Ilic,Fugitive Visions - Piano Masterworks by Chopin and Liszt,Liszt Variations On A Theme By Bach 'Weinen Klagen',0GBNI4bZ55xvt1lhN3YHOz,https://open.spotify.com/track/0GBNI4bZ55xvt1lhN3YHOz
98,classical,98,/content/classical/98.mp3,Altri Stromenti,Italian Music of the 17th Century,La Moneverda (Tarquinio Merula),0wVHTVgJf0uAjxVYx1o7l7,https://open.spotify.com/track/0wVHTVgJf0uAjxVYx1o7l7
99,classical,99,/content/classical/99.mp3,Telemann Trio Berlin,Telemann Trio Berlin,Triosonate fur Flute Violine und Basso - Dolce (Telemann),4XKogfcnoBnK9aKSsnoOzh,https://open.spotify.com/track/4XKogfcnoBnK9aKSsnoOzh
100,classical,100,/content/classical/100.mp3,The Sarasa Ensemble,A Baroque Mosaic,Partia No 5 - Intrada (Biber),4TqBF1lSz22CglBgMidA2R,https://open.spotify.com/track/4TqBF1lSz22CglBgMidA2R
101,rock,1,/content/rock/1.mp3,Greg Annussek,Little Palaces,Young Again,7GjJI16ZvLYisNRnivPHy9,https://open.spotify.com/track/7GjJI16ZvLYisNRnivPHy9
102,rock,2,/content/rock/2.mp3,Shane Jackman,Equilibrium,What I did on my summer vacation,3mocvhRJHJ3T56phxkxsVg,https://open.spotify.com/track/3mocvhRJHJ3T56phxkxsVg
103,rock,3,/content/rock/3.mp3,Barbara Leoni,Human Needs,Demons,4nQbhZURyrdqqR2YtutJo9,https://open.spotify.com/track/4nQbhZURyrdqqR2YtutJo9
104,rock,4,/content/rock/4.mp3,Tom Bolton,When I Cross The River,When I Cross The River,559pYCSDiZqfLgugc9rx1a,https://open.spotify.com/track/559pYCSDiZqfLgugc9rx1a
105,rock,5,/content/rock/5.mp3,DJ Cary,Sonic Chill,Birds in a Rat Race (Mountain Mirrors),44QPvke4WcykCDHrgJT7Y2,https://open.spotify.com/track/44QPvke4WcykCDHrgJT7Y2
106,rock,6,/content/rock/6.mp3,Russ Hopkins,Sweet Mystery,Shattered,10565aHhpGlshv47A5hZVx,https://open.spotify.com/track/10565aHhpGlshv47A5hZVx
107,rock,7,/content/rock/7.mp3,Val Davis,Immortal_,Texas Sky,4r338oveqm2E55dJufdS2Q,https://open.spotify.com/track/4r338oveqm2E55dJufdS2Q
108,rock,8,/content/rock/8.mp3,The Union Trade,Everyday Including,Self Possession,1hIZDY8wcuvok4GgyFZjkN,https://open.spotify.com/track/1hIZDY8wcuvok4GgyFZjkN
109,rock,9,/content/rock/9.mp3,Brad Sucks,Out Of It,Dropping out of School,282sr16rTDzSzqaq1jpGE1,https://open.spotify.com/track/282sr16rTDzSzqaq1jpGE1
110,rock,10,/content/rock/10.mp3,Broken Poets,Reincarnation,The Soul,2X0DKGyzdUBJx8e01hByZs,https://open.spotify.com/track/2X0DKGyzdUBJx8e01hByZs
111,rock,11,/content/rock/11.mp3,Big Bad Sun,Strange Phenomena,The Spirit,7MLNO3WEoLfCWBHev7w6hZ,https://open.spotify.com/track/7MLNO3WEoLfCWBHev7w6hZ
112,rock,12,/content/rock/12.mp3,MRDC,Timecode,Dopamine,69JbGDDl4xez4TW0jA9vjN,https://open.spotify.com/track/69JbGDDl4xez4TW0jA9vjN
113,rock,13,/content/rock/13.mp3,Brad Senne,Brad Senne,Alone with Nothing,1D9ZOBYvp7wntdYe16jIKS,https://open.spotify.com/track/1D9ZOBYvp7wntdYe16jIKS
114,rock,14,/content/rock/14.mp3,Shawn Harris,Temptation,Memories,1A6eRrZX9h9wvcZUeAOIVt,https://open.spotify.com/track/1A6eRrZX9h9wvcZUeAOIVt
115,rock,15,/content/rock/15.mp3,The Union Trade,Everyday Including,Talk,5W8O9uTHx3h0FZWmcAkEsb,https://open.spotify.com/track/5W8O9uTHx3h0FZWmcAkEsb
116,rock,16,/content/rock/16.mp3,Big Bad Sun,Big Bad Sun,Sweet Melissa,3Oj7sAtxrF7dz4xNooV5le,https://open.spotify.com/track/3Oj7sAtxrF7dz4xNooV5le
117,rock,17,/content/rock/17.mp3,Brad Senne,The Shapes That Shift Us,Into the Moon,2NKYyJmtuabPyAlPx9dWcU,https://open.spotify.com/track/2NKYyJmtuabPyAlPx9dWcU
118,rock,18,/content/rock/18.mp3,Shane Jackman,Equilibrium,Moonsong,4YGWSFZqkSUofOl8LmGRU4,https://open.spotify.com/track/4YGWSFZqkSUofOl8LmGRU4
119,rock,19,/content/rock/19.mp3,Arthur Yoria,Of the Lovely,Of the Lovely,67PHx7dN4RacP9v69iwmlj,https://open.spotify.com/track/67PHx7dN4RacP9v69iwmlj
120,rock,20,/content/rock/20.mp3,Arthur Yoria,Suerte Something,Suerte Mijo,18LtBZKhY1GugZqMHscu5K,https://open.spotify.com/track/18LtBZKhY1GugZqMHscu5K
121,rock,21,/content/rock/21.mp3,Broken Poets,Reincarnation,Factory Head,2oiwdXzu8jLIEUlMR8Y1v0,https://open.spotify.com/track/2oiwdXzu8jLIEUlMR8Y1v0
122,rock,22,/content/rock/22.mp3,Big Bad Sun,Strange Phenomena,Long Time Wondering,206lXfuOId5JsFLX5k1z1L,https://open.spotify.com/track/206lXfuOId5JsFLX5k1z1L
123,rock,23,/content/rock/23.mp3,Barbara Leoni,Human Needs,Don't rain on my parade,1ZTmWVmMTonPuYmAnQymeL,https://open.spotify.com/track/1ZTmWVmMTonPuYmAnQymeL
124,rock,24,/content/rock/24.mp3,Burnshee Thornside,Blues and misc,Happy Blues,0obKoewn4j9HSlvZQZkBcq,https://open.spotify.com/track/0obKoewn4j9HSlvZQZkBcq
125,rock,25,/content/rock/25.mp3,Burnshee Thornside,Rock This Moon,Bad Bad Luck,39euVZ51Q4UX1gy5nWeMZf,https://open.spotify.com/track/39euVZ51Q4UX1gy5nWeMZf
126,rock,26,/content/rock/26.mp3,Burnshee Thornside,The Art of Not Blending In,Can I be a star:,4ftlKt4pRAIWAzWdNfVlyY,https://open.spotify.com/track/4ftlKt4pRAIWAzWdNfVlyY
127,rock,27,/content/rock/27.mp3,Grayson Wray,Picassos Dream,There You Were,5MOJ1EXnUPV9hK6mYxULjI,https://open.spotify.com/track/5MOJ1EXnUPV9hK6mYxULjI
128,rock,28,/content/rock/28.mp3,Tom Paul,I Was King,Before you know it,0P3RSTEm50waas4q0fdmqD,https://open.spotify.com/track/0P3RSTEm50waas4q0fdmqD
129,rock,29,/content/rock/29.mp3,Seismic Anamoly,Dead Mans Hand,Santa Rosa Shuffle,35Jt5mTPjJd8Z6BIRq6SX6,https://open.spotify.com/track/35Jt5mTPjJd8Z6BIRq6SX6
130,rock,30,/content/rock/30.mp3,hands upon black earth,hands upon black earth,Timeagain,2XZLHUTHanJs1iyndEzqvi,https://open.spotify.com/track/2XZLHUTHanJs1iyndEzqvi
131,rock,31,/content/rock/31.mp3,Hybris,The First Words,Squalid Rooms,63rtu7sqNgvZdojkPXqgvH,https://open.spotify.com/track/63rtu7sqNgvZdojkPXqgvH
132,rock,32,/content/rock/32.mp3,Burnshee Thornside,Rock This Moon,Rock This Moon,1Q3oxnC4kkD4LjaU9PKAOC,https://open.spotify.com/track/1Q3oxnC4kkD4LjaU9PKAOC
133,rock,33,/content/rock/33.mp3,Jeffrey Luck Lucas,What We Whisper,You Knew It Well,5ejEYxAyeZraa1UQqqCl22,https://open.spotify.com/track/5ejEYxAyeZraa1UQqqCl22
134,rock,34,/content/rock/34.mp3,Lizzi,Love and you and I,Me,5SaKFPbcOzvCzTNT35fgr8,https://open.spotify.com/track/5SaKFPbcOzvCzTNT35fgr8
135,rock,35,/content/rock/35.mp3,Mountain Mirrors,Lunar Ecstasy,Lunar Ecstasy,4SPNG5e778TKui8Nbxw2EL,https://open.spotify.com/track/4SPNG5e778TKui8Nbxw2EL
136,rock,36,/content/rock/36.mp3,Brad Sucks,I Dont Know What Im Doing,Look And Feel Years Younger,26tVUcHq2nYLhA895WK40Q,https://open.spotify.com/track/26tVUcHq2nYLhA895WK40Q
137,rock,37,/content/rock/37.mp3,Magnatune Compilation,High Energy Rock and Roll,Rocket City Riot: Down with Her,4bEKbZoThpEbbeFMgmkxeP,https://open.spotify.com/track/4bEKbZoThpEbbeFMgmkxeP
138,rock,38,/content/rock/38.mp3,Magnatune Compilation,Red Hat Summit Compilation,Fluid - Headphones,,https://open.spotify.com/track/
139,rock,39,/content/rock/39.mp3,Mandrake Root,The Seventh Mirror,Kings of the Desert,1DHEXzhfUy2lpDbKVW6Mzn,https://open.spotify.com/track/1DHEXzhfUy2lpDbKVW6Mzn
140,rock,40,/content/rock/40.mp3,Arthur Yoria,Suerte Something,Encima de Ti,12zr06JDu67vdThaje07V4,https://open.spotify.com/track/12zr06JDu67vdThaje07V4
141,rock,41,/content/rock/41.mp3,Mountain Mirrors,Lunar Ecstasy,A Short Burst of Clarity,36Xo8C6YTaFO2QijDS03VL,https://open.spotify.com/track/36Xo8C6YTaFO2QijDS03VL
142,rock,42,/content/rock/42.mp3,Mountain Mirrors,Mountain Mirrors,Stay Evil,0PeByJAMb1tQrBLtu8qXF5,https://open.spotify.com/track/0PeByJAMb1tQrBLtu8qXF5
143,rock,43,/content/rock/43.mp3,MRDC,Timecode,Lust,6sBP6FoHlfo2wAJZZ814zU,https://open.spotify.com/track/6sBP6FoHlfo2wAJZZ814zU
144,rock,44,/content/rock/44.mp3,Mutandina,Mutandina,Juego,17j15S4rMzO4n7QAbqNO6D,https://open.spotify.com/track/17j15S4rMzO4n7QAbqNO6D
145,rock,45,/content/rock/45.mp3,Myles Cochran,Marginal Street,Gold and rose,0xr4G1VLjckAaQlm2mI6c1,https://open.spotify.com/track/0xr4G1VLjckAaQlm2mI6c1
146,rock,46,/content/rock/46.mp3,Arthur Yoria,Of the Lovely,Just Like You,6XHoU9fSrUpoy42V1V93lg,https://open.spotify.com/track/6XHoU9fSrUpoy42V1V93lg
147,rock,47,/content/rock/47.mp3,Brad Sucks,Out Of It,Certain Death,6u9rDpRuWql8ItwvsLCFlf,https://open.spotify.com/track/6u9rDpRuWql8ItwvsLCFlf
148,rock,48,/content/rock/48.mp3,William Brooks,Bitter Circus,Try it Like This,65pbNbbTCE9wuO2OrManUf,https://open.spotify.com/track/65pbNbbTCE9wuO2OrManUf
149,rock,49,/content/rock/49.mp3,Brad Senne,The Shapes That Shift Us,Caroline to Maine,4mAdFKD0KQt4llmm9ov3ae,https://open.spotify.com/track/4mAdFKD0KQt4llmm9ov3ae
150,rock,50,/content/rock/50.mp3,Spinecar,Passive Aggressive,New Orleans,3cbOqff6EMNqfhzUeJ1Khi,https://open.spotify.com/track/3cbOqff6EMNqfhzUeJ1Khi
151,rock,51,/content/rock/51.mp3,Arthur Yoria,Ill Be Here Awake,Permanent,3fgL3OmqcUff05Q5RSynMk,https://open.spotify.com/track/3fgL3OmqcUff05Q5RSynMk
152,rock,52,/content/rock/52.mp3,Hybris,The First Words,Fateful Kind Of Rage,77RPiWUkclWraANCcG9Zje,https://open.spotify.com/track/77RPiWUkclWraANCcG9Zje
153,rock,53,/content/rock/53.mp3,William Brooks,Blue Ribbon - The Best of William Brooks,Ole Soledad,35wjkKCl3XwrPrE8Ak5O2I,https://open.spotify.com/track/35wjkKCl3XwrPrE8Ak5O2I
154,rock,54,/content/rock/54.mp3,William Brooks,Silent Wings,Between there and here,4R5RHh80Zme2MvtfxgEhcd,https://open.spotify.com/track/4R5RHh80Zme2MvtfxgEhcd
155,rock,55,/content/rock/55.mp3,Shawn Harris,Temptation,Crown Of Thorns,7KrmGB5o4gLWI7JAd5jZjT,https://open.spotify.com/track/7KrmGB5o4gLWI7JAd5jZjT
156,rock,56,/content/rock/56.mp3,Big Bad Sun,Big Bad Sun,Come Out Baby,4kbuOswBB9GTyFammu3Cty,https://open.spotify.com/track/4kbuOswBB9GTyFammu3Cty
157,rock,57,/content/rock/57.mp3,The Seldon Plan,Making Circles,Making Circles,5voz2qzApD9zDo11YXqLow,https://open.spotify.com/track/5voz2qzApD9zDo11YXqLow
158,rock,58,/content/rock/58.mp3,The Seldon Plan,Making Circles,A Rhyming Dictionary,6O9BjMCmHASzFfYSDTwZKT,https://open.spotify.com/track/6O9BjMCmHASzFfYSDTwZKT
159,rock,59,/content/rock/59.mp3,Tom Paul,There is no map,Essence of a smile,0kuo7uE3WKpPqpmBUnxko2,https://open.spotify.com/track/0kuo7uE3WKpPqpmBUnxko2
160,rock,60,/content/rock/60.mp3,Wicked Allstars,Dark Clouds,Jazz House,,https://open.spotify.com/track/
161,rock,61,/content/rock/61.mp3,Wicked boy,The Treatment,Pressure,4It1RYA6UhQ5JS2jEA99CM,https://open.spotify.com/track/4It1RYA6UhQ5JS2jEA99CM
162,rock,62,/content/rock/62.mp3,William Brooks,Bitter Circus,The Gift,07IIFO86kPcWeURALaVli3,https://open.spotify.com/track/07IIFO86kPcWeURALaVli3
163,rock,63,/content/rock/63.mp3,William Brooks,Karma Dogs,Karma Dogs,5BLOLSAUWGxjDZl9wujP7d,https://open.spotify.com/track/5BLOLSAUWGxjDZl9wujP7d
164,rock,64,/content/rock/64.mp3,William Brooks,Buffalo Treason,Grace,55bNngM5Wf8Tk4LXP4mxDr,https://open.spotify.com/track/55bNngM5Wf8Tk4LXP4mxDr
165,rock,65,/content/rock/65.mp3,William Brooks,Fowl Mouth,Do You Think He Knows:,59T1zRdGOgEawE3FVaSrXC,https://open.spotify.com/track/59T1zRdGOgEawE3FVaSrXC
166,rock,66,/content/rock/66.mp3,William Brooks,Blue Ribbon - The Best of William Brooks,Karma Dogs:,5GL9QGFiozGy2qNuWwhSZa,https://open.spotify.com/track/5GL9QGFiozGy2qNuWwhSZa
167,rock,67,/content/rock/67.mp3,William Brooks,Silent Wings,Silent Wings,45FUzlHs0SJR3nR86KyBEQ,https://open.spotify.com/track/45FUzlHs0SJR3nR86KyBEQ
168,rock,68,/content/rock/68.mp3,Magnatune Compilation,Red Hat Summit Compilation,Brad Sucks - I Think I Started a Trend,2vkvU6mtXHX4AxPjtuLP0X,https://open.spotify.com/track/2vkvU6mtXHX4AxPjtuLP0X
169,rock,69,/content/rock/69.mp3,Magnatune Compilation,High Energy Rock and Roll,Rocket City Riot: Hypodermic,5klF4axPp7dzJj9WROTfI9,https://open.spotify.com/track/5klF4axPp7dzJj9WROTfI9
170,rock,70,/content/rock/70.mp3,William Brooks,Silent Wings,Hideaway,12VVBXX57oUKcBohi6BMa5,https://open.spotify.com/track/12VVBXX57oUKcBohi6BMa5
171,rock,71,/content/rock/71.mp3,Lie Big,Severed,Underside,6r0ZFud9icyP8JI78F1pyP,https://open.spotify.com/track/6r0ZFud9icyP8JI78F1pyP
172,rock,72,/content/rock/72.mp3,Greg Annussek,Little Palaces,Long Way Down,5xvObugMCNOSpQ0vGjv9Xd,https://open.spotify.com/track/5xvObugMCNOSpQ0vGjv9Xd
173,rock,73,/content/rock/73.mp3,William Brooks,Buffalo Treason,World,0BFAiwpwgIEAc41JP2bVpx,https://open.spotify.com/track/0BFAiwpwgIEAc41JP2bVpx
174,rock,74,/content/rock/74.mp3,Immune,Nothing Left To Believe,In Your Place,1R3c72ORGK7wHgfbBW2H1c,https://open.spotify.com/track/1R3c72ORGK7wHgfbBW2H1c
175,rock,75,/content/rock/75.mp3,Greg Annussek,Little Palaces,Long Way Down,5xvObugMCNOSpQ0vGjv9Xd,https://open.spotify.com/track/5xvObugMCNOSpQ0vGjv9Xd
176,rock,76,/content/rock/76.mp3,William Brooks,Silent Wings,Hideaway,12VVBXX57oUKcBohi6BMa5,https://open.spotify.com/track/12VVBXX57oUKcBohi6BMa5
177,rock,77,/content/rock/77.mp3,Barbara Leoni,Human Needs,Another time,1HguDBgKzHPcLF3EHpNDeo,https://open.spotify.com/track/1HguDBgKzHPcLF3EHpNDeo
178,rock,78,/content/rock/78.mp3,Shane Jackman,Equilibrium,Uncommon eloquence,6x4mFZqP4ERCUm15takQty,https://open.spotify.com/track/6x4mFZqP4ERCUm15takQty
179,rock,79,/content/rock/79.mp3,William Brooks,Silent Wings,Land of Lincoln,6NwoUJaH15SXY3Q1msIwjE,https://open.spotify.com/track/6NwoUJaH15SXY3Q1msIwjE
180,rock,80,/content/rock/80.mp3,Greg Annussek,Little Palaces,You Bow Down,09cxL5ow4yDWS9H305RPCS,https://open.spotify.com/track/09cxL5ow4yDWS9H305RPCS
181,rock,81,/content/rock/81.mp3,Barbara Leoni,Human Needs,Waterfall,0bRLJTCVbB7DTWqAzm1E9r,https://open.spotify.com/track/0bRLJTCVbB7DTWqAzm1E9r
182,rock,82,/content/rock/82.mp3,Shane Jackman,Equilibrium,The angle of repose,3afp1ijH5fzcJN9UclpE8z,https://open.spotify.com/track/3afp1ijH5fzcJN9UclpE8z
183,rock,83,/content/rock/83.mp3,Shane Jackman,Equilibrium,Set fire to the city,5ZudHTeHiaKuPJC78V0fNv,https://open.spotify.com/track/5ZudHTeHiaKuPJC78V0fNv
184,rock,84,/content/rock/84.mp3,William Brooks,Silent Wings,I have a mind,5owlm4qndNknW1Pbs2HdqM,https://open.spotify.com/track/5owlm4qndNknW1Pbs2HdqM
185,rock,85,/content/rock/85.mp3,Greg Annussek,Little Palaces,In the Movies,1rl7uEKCQj0I6ACe0v8NOy,https://open.spotify.com/track/1rl7uEKCQj0I6ACe0v8NOy
186,rock,86,/content/rock/86.mp3,Barbara Leoni,Human Needs,Human needs,7GdQCuro1f3YFUJUDaAi9k,https://open.spotify.com/track/7GdQCuro1f3YFUJUDaAi9k
187,rock,87,/content/rock/87.mp3,Shane Jackman,Equilibrium,Walk among the bones,51CWG1jck4bCwpXyQaEzpy,https://open.spotify.com/track/51CWG1jck4bCwpXyQaEzpy
188,rock,88,/content/rock/88.mp3,William Brooks,Silent Wings,You barely see me,1rQlX6qhy2DN4NjR5WtI81,https://open.spotify.com/track/1rQlX6qhy2DN4NjR5WtI81
189,rock,89,/content/rock/89.mp3,Barbara Leoni,Human Needs,Haunted,2elRMy1KiwAfTmWP1S2gF9,https://open.spotify.com/track/2elRMy1KiwAfTmWP1S2gF9
190,rock,90,/content/rock/90.mp3,Greg Annussek,Little Palaces,Didn't You Know?,3tQXHFGZp0rkrLpls541LZ,https://open.spotify.com/track/3tQXHFGZp0rkrLpls541LZ
191,rock,91,/content/rock/91.mp3,Shane Jackman,Equilibrium,Didn't I,7ciMP2R6mAw2SfLSWpAzaR,https://open.spotify.com/track/7ciMP2R6mAw2SfLSWpAzaR
192,rock,92,/content/rock/92.mp3,Shane Jackman,Equilibrium,Driftwood fire,3sH699dxzwIBBchULv10rt,https://open.spotify.com/track/3sH699dxzwIBBchULv10rt
193,rock,93,/content/rock/93.mp3,Shane Jackman,Equilibrium,My heart still beats,6Cl8xd5AciDWmu1koo8A22,https://open.spotify.com/track/6Cl8xd5AciDWmu1koo8A22
194,rock,94,/content/rock/94.mp3,Greg Annussek,Little Palaces,Sunday Again,76RZZ7y34aQEwJHgNSl6Ww,https://open.spotify.com/track/76RZZ7y34aQEwJHgNSl6Ww
195,rock,95,/content/rock/95.mp3,Shane Jackman,Equilibrium,Cornflakes for supper,0Gp3ADrBugcgmwNyoSBGXM,https://open.spotify.com/track/0Gp3ADrBugcgmwNyoSBGXM
196,rock,96,/content/rock/96.mp3,William Brooks,Silent Wings,Maybe Meagan,4HcDbhSM6ZNMPLeR3TNabv,https://open.spotify.com/track/4HcDbhSM6ZNMPLeR3TNabv
197,rock,97,/content/rock/97.mp3,Barbara Leoni,Human Needs,Ring around the rosey,3e457vhp0Oa9EcFvw22FPs,https://open.spotify.com/track/3e457vhp0Oa9EcFvw22FPs
198,rock,98,/content/rock/98.mp3,Greg Annussek,Little Palaces,He Should Love Her,5UDn6bOBap0bQqtPGJdlwi,https://open.spotify.com/track/5UDn6bOBap0bQqtPGJdlwi
199,rock,99,/content/rock/99.mp3,William Brooks,Silent Wings,Justified,0NAFVLvPZTY9P9LdhlIlII,https://open.spotify.com/track/0NAFVLvPZTY9P9LdhlIlII
200,rock,100,/content/rock/100.mp3,Greg Annussek,Little Palaces,Mr. Myers,6viNh01GdSBziZ0aRYuLGc,https://open.spotify.com/track/6viNh01GdSBziZ0aRYuLGc
201,electronic,1,/content/electronic/1.mp3,Mantic,Epigrams,Abstract Power Remix (by DiViD),1LZbB5B4TAo5Qo9dOuiHjm,https://open.spotify.com/track/1LZbB5B4TAo5Qo9dOuiHjm
202,electronic,2,/content/electronic/2.mp3,Burning Babylon,Beat Beat Beat,Sproing-A-Dub,1jhBlOM8nBL48q56qCBxtk,https://open.spotify.com/track/1jhBlOM8nBL48q56qCBxtk
203,electronic,3,/content/electronic/3.mp3,The Headroom Project,Dominus Illuminato Mea,Dominus Illuminato Mea,6q5F4SkRiYcIb2O3qD6RRs,https://open.spotify.com/track/6q5F4SkRiYcIb2O3qD6RRs
204,electronic,4,/content/electronic/4.mp3,Jerry Berlongieri,Alter Echo Original Soundtrack,Beneath the Skin,4jfV6ot7jog82kC3VyoAXO,https://open.spotify.com/track/4jfV6ot7jog82kC3VyoAXO
205,electronic,5,/content/electronic/5.mp3,General Fuzz,Soulful Filling,Eye Heart Knot,5U9oLGkHZxF53ygWpP31hT,https://open.spotify.com/track/5U9oLGkHZxF53ygWpP31hT
206,electronic,6,/content/electronic/6.mp3,Mantic,EPROMs,Blue-tinted Sunglasses,1sT806BdT4n5oQ6QskcAdb,https://open.spotify.com/track/1sT806BdT4n5oQ6QskcAdb
207,electronic,7,/content/electronic/7.mp3,Mantic,Eponyms,Electro Jive,5UrzeC2ZNUTWeOgMJpqP5e,https://open.spotify.com/track/5UrzeC2ZNUTWeOgMJpqP5e
208,electronic,8,/content/electronic/8.mp3,Twilight Archive,Twilight Archive,House Of Tomorrow,4gWq4tkd0eSWQIv4W2xXHr,https://open.spotify.com/track/4gWq4tkd0eSWQIv4W2xXHr
209,electronic,9,/content/electronic/9.mp3,Jerry Berlongieri,Evenings At The Microscope,Known Bugs,7waZQV8aMT405seWNuWvt0,https://open.spotify.com/track/7waZQV8aMT405seWNuWvt0
210,electronic,10,/content/electronic/10.mp3,Saros,Labyrinth - and we shall all die trying,Murder Machine,5oUyiefbdRLdBVCYtiE3hh,https://open.spotify.com/track/5oUyiefbdRLdBVCYtiE3hh
211,electronic,11,/content/electronic/11.mp3,Mantic,Eponyms,Skunk Werks,6s7y1qTFNGGynLBFXq4uHt,https://open.spotify.com/track/6s7y1qTFNGGynLBFXq4uHt
212,electronic,12,/content/electronic/12.mp3,Joram,Moments of Clarity,moments of clarity,0UUyWDqVHYutsLeuHR8yeC,https://open.spotify.com/track/0UUyWDqVHYutsLeuHR8yeC
213,electronic,13,/content/electronic/13.mp3,Burning Babylon,Stereo Mash Up,7 Nine Skank,30dpzlEDkhGMGdBVUFETid,https://open.spotify.com/track/30dpzlEDkhGMGdBVUFETid
214,electronic,14,/content/electronic/14.mp3,Mantic,Eponyms,Spear Burn,7IJvxxpfiKbDM2EUy1CcZ0,https://open.spotify.com/track/7IJvxxpfiKbDM2EUy1CcZ0
215,electronic,15,/content/electronic/15.mp3,Burning Babylon,Knives To The Treble,Roots Fi Cool,1HjAJzaHYisuV1rycYqcng,https://open.spotify.com/track/1HjAJzaHYisuV1rycYqcng
216,electronic,16,/content/electronic/16.mp3,Mantic,Eponyms,Starbase Lounge Music,56LeMNuo53uxNDHhho6xuu,https://open.spotify.com/track/56LeMNuo53uxNDHhho6xuu
217,electronic,17,/content/electronic/17.mp3,Kourosh Dini,Live At Bliss Gardens,Introduction,2pk5W6jkTYf7LhpSj2WQWL,https://open.spotify.com/track/2pk5W6jkTYf7LhpSj2WQWL
218,electronic,18,/content/electronic/18.mp3,Adam Fielding,Distant Activity,Distant Activity,1B3eQOowqfL9wK6vongZYi,https://open.spotify.com/track/1B3eQOowqfL9wK6vongZYi
219,electronic,19,/content/electronic/19.mp3,the glimmer room,grey mirrors,grey mirrors part 1,,https://open.spotify.com/track/
220,electronic,20,/content/electronic/20.mp3,Kalabi,Dandelion,Revolver (Featuring Canola Tenderfoot),21TgXRMWhwrQz5BsUOTUM4,https://open.spotify.com/track/21TgXRMWhwrQz5BsUOTUM4
221,electronic,21,/content/electronic/21.mp3,Shiva in Exile,Nour,Viva La Revolucion,3hA12ULs2xl7TQsaFshVdl,https://open.spotify.com/track/3hA12ULs2xl7TQsaFshVdl
222,electronic,22,/content/electronic/22.mp3,Mantic,Eponyms,Electro Kinetic,47a5MMfdDCiH4G6LNhsFnX,https://open.spotify.com/track/47a5MMfdDCiH4G6LNhsFnX
223,electronic,23,/content/electronic/23.mp3,Mantic,Eponyms,Talk Box,1PYh0hfGFf7D7mTvRZlLCw,https://open.spotify.com/track/1PYh0hfGFf7D7mTvRZlLCw
224,electronic,24,/content/electronic/24.mp3,AntiGuru,Fall Submissions,Blue Line,1dS9hCKf8CDnElRrKQ95Cm,https://open.spotify.com/track/1dS9hCKf8CDnElRrKQ95Cm
225,electronic,25,/content/electronic/25.mp3,Bjorn Fogelberg,Karooshi Porn,trioxidation,6ilOX4nhd5l1A3qvRI8VmL,https://open.spotify.com/track/6ilOX4nhd5l1A3qvRI8VmL
226,electronic,26,/content/electronic/26.mp3,DJ Cary,After Dinner Lounge,Hans Christian : Desperado,7HvOpLPX3Acs9EHYydzBPD,https://open.spotify.com/track/7HvOpLPX3Acs9EHYydzBPD
227,electronic,27,/content/electronic/27.mp3,DJ Cary,Downtempo Chill,Ruff and Tumble (Mr Epic),7gLQhAnRFcTojLXeDCIpMb,https://open.spotify.com/track/7gLQhAnRFcTojLXeDCIpMb
228,electronic,28,/content/electronic/28.mp3,DJ Markitos,Evolution of the Mind,Sunset (Endless Night Journey remix),5jgb3kQSdYmju09UqfsCQN,https://open.spotify.com/track/5jgb3kQSdYmju09UqfsCQN
229,electronic,29,/content/electronic/29.mp3,DJ Markitos,Inside Your Dreams,Interplanetary Travel,4s9lHMigxxYiipHuNfdgeG,https://open.spotify.com/track/4s9lHMigxxYiipHuNfdgeG
230,electronic,30,/content/electronic/30.mp3,DJ Markitos,Slower Emotions-138 BPM Remixes,Sunset (138 BPM Remix),7mv1YRIm56fj9VUQxiojUd,https://open.spotify.com/track/7mv1YRIm56fj9VUQxiojUd
231,electronic,31,/content/electronic/31.mp3,DJ Markitos,Unreachable Destiny,Manteia,5l5XEuTUY96XT2j01b71ep,https://open.spotify.com/track/5l5XEuTUY96XT2j01b71ep
232,electronic,32,/content/electronic/32.mp3,Domased,New Memories,Summer Night Heaven,5D7qyvGNjQHJqw91gdYBNH,https://open.spotify.com/track/5D7qyvGNjQHJqw91gdYBNH
233,electronic,33,/content/electronic/33.mp3,Domased,Return Back,Bad Dreams,3mVdYJWoxtptHkDkES8WZB,https://open.spotify.com/track/3mVdYJWoxtptHkDkES8WZB
234,electronic,34,/content/electronic/34.mp3,Domased,Selection,He Is Leaving Us,3gHYWCmuJ2YGgIiA4lunqe,https://open.spotify.com/track/3gHYWCmuJ2YGgIiA4lunqe
235,electronic,35,/content/electronic/35.mp3,Domased,Slowdown,Meditation,0xWsTUJZz18mJnmMWTUlBB,https://open.spotify.com/track/0xWsTUJZz18mJnmMWTUlBB
236,electronic,36,/content/electronic/36.mp3,The Rapture,Garden of Fugitives,Terminus,77VaQ0fwx9fVjxHLF4E32l,https://open.spotify.com/track/77VaQ0fwx9fVjxHLF4E32l
237,electronic,37,/content/electronic/37.mp3,Etherine,24 Days,Opening yet closing,4b98MJjH17vEgCEl4y4AOU,https://open.spotify.com/track/4b98MJjH17vEgCEl4y4AOU
238,electronic,38,/content/electronic/38.mp3,Etherine,Gleam,Lost,19qmb32mCKthrrUYfgmhJd,https://open.spotify.com/track/19qmb32mCKthrrUYfgmhJd
239,electronic,39,/content/electronic/39.mp3,Glen Bledsoe,Octopants,BeatKnick,,https://open.spotify.com/track/
240,electronic,40,/content/electronic/40.mp3,Glen Bledsoe,Up and Down,Vernal Equinox,3VUROR6OjYUpaWMLm7jP7P,https://open.spotify.com/track/3VUROR6OjYUpaWMLm7jP7P
241,electronic,41,/content/electronic/41.mp3,Human Response,Delirious,Delirious,2pbYzU3yP3ozifyFwcyZtQ,https://open.spotify.com/track/2pbYzU3yP3ozifyFwcyZtQ
242,electronic,42,/content/electronic/42.mp3,Human Response,Survival,Survival,5AaeCzAq0vvqEj1U1AfrcS,https://open.spotify.com/track/5AaeCzAq0vvqEj1U1AfrcS
243,electronic,43,/content/electronic/43.mp3,iNTROSPEKT,iDEOLOGY,Knucklehead,7bu65kCGIzcoWTWuyxbdGs,https://open.spotify.com/track/7bu65kCGIzcoWTWuyxbdGs
244,electronic,44,/content/electronic/44.mp3,Ivilion,Sartinal,Sartinal I,5H6NuwaD50Bju3vMZvAfC2,https://open.spotify.com/track/5H6NuwaD50Bju3vMZvAfC2
245,electronic,45,/content/electronic/45.mp3,Ivilion,Terean,Ferrilotyr,6Ty1FgICCwfW9OjiOjyitK,https://open.spotify.com/track/6Ty1FgICCwfW9OjiOjyitK
246,electronic,46,/content/electronic/46.mp3,Mantic,Eponyms,Deep House,7kjUUXoJwFmdKZH0adLAEO,https://open.spotify.com/track/7kjUUXoJwFmdKZH0adLAEO
247,electronic,47,/content/electronic/47.mp3,Kenji Williams,Faces of Epiphany,Spirit Walker,25XgsAUFxbifnPSWaTp4rz,https://open.spotify.com/track/25XgsAUFxbifnPSWaTp4rz
248,electronic,48,/content/electronic/48.mp3,Magnatune Compilation,Electronica,Mr Gelatine: Unknown Quantity,,https://open.spotify.com/track/
249,electronic,49,/content/electronic/49.mp3,The Rapture,Garden of Fugitives,Where the Earth Is,3bl186duOvkVAvj4XWpGNw,https://open.spotify.com/track/3bl186duOvkVAvj4XWpGNw
250,electronic,50,/content/electronic/50.mp3,Memories of Tomorrow,Waiting for Dawn,Memories of Tomorrow,0KELC1YQTXWpKeDbSZsE4g,https://open.spotify.com/track/0KELC1YQTXWpKeDbSZsE4g
251,electronic,51,/content/electronic/51.mp3,Mijo,Fata Morgana,Click Here,0ffty1Z9gJHRJ7CpyYMxrT,https://open.spotify.com/track/0ffty1Z9gJHRJ7CpyYMxrT
252,electronic,52,/content/electronic/52.mp3,mr Epic,Sideways,Down Low,5ylLSoa3MHGYjR7f2FRkpj,https://open.spotify.com/track/5ylLSoa3MHGYjR7f2FRkpj
253,electronic,53,/content/electronic/53.mp3,Mr Gelatine,Electroluv,ting,11THjlX49fczqP8H1InU01,https://open.spotify.com/track/11THjlX49fczqP8H1InU01
254,electronic,54,/content/electronic/54.mp3,MRDC,Plethora,Plethora,7xvyb7TXW7S9YGWUOfTa3i,https://open.spotify.com/track/7xvyb7TXW7S9YGWUOfTa3i
255,electronic,55,/content/electronic/55.mp3,Processor,Are you for real,Mad bull,4HgklAFVzqAYz0y8O2mBgS,https://open.spotify.com/track/4HgklAFVzqAYz0y8O2mBgS
256,electronic,56,/content/electronic/56.mp3,Processor,Insomnia,Insomnia,5ZLZEJOWTAg2Lc6bOH1qVM,https://open.spotify.com/track/5ZLZEJOWTAg2Lc6bOH1qVM
257,electronic,57,/content/electronic/57.mp3,Professor Armchair,Too Much Mustard,A Signal from Mars,1rOtxLFYIWVkk9syjZyv08,https://open.spotify.com/track/1rOtxLFYIWVkk9syjZyv08
258,electronic,58,/content/electronic/58.mp3,Psychetropic,China radio sunshine,Futurengine,2J7GqrzmmJxVAoG0g3Mbof,https://open.spotify.com/track/2J7GqrzmmJxVAoG0g3Mbof
259,electronic,59,/content/electronic/59.mp3,Saros,Soundscapes,Eventide,71gx2gegCdSdGYL5aym7mj,https://open.spotify.com/track/71gx2gegCdSdGYL5aym7mj
260,electronic,60,/content/electronic/60.mp3,Shiva in Exile,Ethnic,Odysseia,4ALdIDTmFbJAxcgJJeDEvn,https://open.spotify.com/track/4ALdIDTmFbJAxcgJJeDEvn
261,electronic,61,/content/electronic/61.mp3,Solace,Ahsas,Solitude (Khlas 6-8),7Ck6jXOqRDlneZ9Gs1QyvF,https://open.spotify.com/track/7Ck6jXOqRDlneZ9Gs1QyvF
262,electronic,62,/content/electronic/62.mp3,Solace,Balance,Ping Heng,5yvkYkFyoaThqjlHCrcgq4,https://open.spotify.com/track/5yvkYkFyoaThqjlHCrcgq4
263,electronic,63,/content/electronic/63.mp3,Solace,Iman,Saalik,2XU2O5hIjettCX0QhAtMfu,https://open.spotify.com/track/2XU2O5hIjettCX0QhAtMfu
264,electronic,64,/content/electronic/64.mp3,Solace,Rhythm Of The Dance,Beledi  4:4,0pnNON9tK6lnZYoaazLimY,https://open.spotify.com/track/0pnNON9tK6lnZYoaazLimY
265,electronic,65,/content/electronic/65.mp3,Solace,Satya,Darban Jooth Na Boley (The Mirror Never Lies) ,0OUf59geBd4W3B3jkGUyPF,https://open.spotify.com/track/0OUf59geBd4W3B3jkGUyPF
266,electronic,66,/content/electronic/66.mp3,Solace,ShaWaza,Rebirth,5rhwBx7Ld1YbRljn0if73k,https://open.spotify.com/track/5rhwBx7Ld1YbRljn0if73k
267,electronic,67,/content/electronic/67.mp3,Solace,The Gathering Season,Paradise lost,7mFxO1YOmLizRIf3ScW0ob,https://open.spotify.com/track/7mFxO1YOmLizRIf3ScW0ob
268,electronic,68,/content/electronic/68.mp3,Solace,Vadalna,Kushee Maanao-Aural Mix,5qGOmCuPsheRL1KP3Clc4B,https://open.spotify.com/track/5qGOmCuPsheRL1KP3Clc4B
269,electronic,69,/content/electronic/69.mp3,Solar Cycle,Sunlight,Sunlight,4Pxu5uoMOTbu1XSwDh9FhN,https://open.spotify.com/track/4Pxu5uoMOTbu1XSwDh9FhN
270,electronic,70,/content/electronic/70.mp3,Stargarden,Step Off,From Here to There,2Rki8Fe67mBG15ZdzEScue,https://open.spotify.com/track/2Rki8Fe67mBG15ZdzEScue
271,electronic,71,/content/electronic/71.mp3,Strojovna 07,Dirnix,Dezert,3IeJtTHk9Z8cIamwZOr0sH,https://open.spotify.com/track/3IeJtTHk9Z8cIamwZOr0sH
272,electronic,72,/content/electronic/72.mp3,Strojovna 07,III,Zabudni na to,6rSC9yJJpQUyUJAOIFGHKe,https://open.spotify.com/track/6rSC9yJJpQUyUJAOIFGHKe
273,electronic,73,/content/electronic/73.mp3,Strojovna 07,Mirnix,Lighting fly,2gVoH9HJVo1Ht0huKcdhtB,https://open.spotify.com/track/2gVoH9HJVo1Ht0huKcdhtB
274,electronic,74,/content/electronic/74.mp3,Strojovna 07,Number 1,Ambi Crack,7fCVp1safGDNIbEBODVVyG,https://open.spotify.com/track/7fCVp1safGDNIbEBODVVyG
275,electronic,75,/content/electronic/75.mp3,Strojovna 07,Switch On - Switch Off,Untitled,5HuP9kFCvfgk9MjFbOo2iy,https://open.spotify.com/track/5HuP9kFCvfgk9MjFbOo2iy
276,electronic,76,/content/electronic/76.mp3,The Bots,Now is The Time,Push,37ZmAiF9Wrddq19uCZrQyX,https://open.spotify.com/track/37ZmAiF9Wrddq19uCZrQyX
277,electronic,77,/content/electronic/77.mp3,The Headroom Project,Apa Ya,African Dance,6XXA3rE00eR69SNwXpt3Ue,https://open.spotify.com/track/6XXA3rE00eR69SNwXpt3Ue
278,electronic,78,/content/electronic/78.mp3,The Headroom Project,Ciri a Doro,Monkey Party,1rqDqv81vnNo8b4oev7ncT,https://open.spotify.com/track/1rqDqv81vnNo8b4oev7ncT
279,electronic,79,/content/electronic/79.mp3,Version,Versions,Double trust,,https://open.spotify.com/track/
280,electronic,80,/content/electronic/80.mp3,Wicked boy,Chemistry,Buy my pullovers,0R9bggshSv5dDUGcT8ibz4,https://open.spotify.com/track/0R9bggshSv5dDUGcT8ibz4
281,electronic,81,/content/electronic/81.mp3,Zilla,Egg,Wind Barber,2QmuknBQjmi4vXtsZBCCQZ,https://open.spotify.com/track/2QmuknBQjmi4vXtsZBCCQZ
282,electronic,82,/content/electronic/82.mp3,Kenji Williams,Faces of Epiphany,Other Self,0luWUAwMqlfdcr5pNMnVYV,https://open.spotify.com/track/0luWUAwMqlfdcr5pNMnVYV
283,electronic,83,/content/electronic/83.mp3,Kenji Williams,Faces of Epiphany,Illusion (Bedrock mix),1mKbbuzmTS3sjMKgcW3Ypm,https://open.spotify.com/track/1mKbbuzmTS3sjMKgcW3Ypm
284,electronic,84,/content/electronic/84.mp3,Kenji Williams,Faces of Epiphany,Never Look Away,0kyHjQfARzAW1GkvPTCPpa,https://open.spotify.com/track/0kyHjQfARzAW1GkvPTCPpa
285,electronic,85,/content/electronic/85.mp3,Kenji Williams,Faces of Epiphany,Death and rain,3JOB1IISV9oZ6uBC8Ms91E,https://open.spotify.com/track/3JOB1IISV9oZ6uBC8Ms91E
286,electronic,86,/content/electronic/86.mp3,Kenji Williams,Faces of Epiphany,2k1,0OuPNq4ySDVEDHOMIvoIZK,https://open.spotify.com/track/0OuPNq4ySDVEDHOMIvoIZK
287,electronic,87,/content/electronic/87.mp3,Kenji Williams,Faces of Epiphany,Tokyo Story,7cywO9FIqotuh0pykuq5bL,https://open.spotify.com/track/7cywO9FIqotuh0pykuq5bL
288,electronic,88,/content/electronic/88.mp3,Kenji Williams,Faces of Epiphany,Free Energy ,7yyZkSAadLcmGCbiTZaR70,https://open.spotify.com/track/7yyZkSAadLcmGCbiTZaR70
289,electronic,89,/content/electronic/89.mp3,Kenji Williams,Faces of Epiphany,Soul Captain,6ZyX4HJv5hgAVP4eN40d10,https://open.spotify.com/track/6ZyX4HJv5hgAVP4eN40d10
290,electronic,90,/content/electronic/90.mp3,Solar Cycle,Flare,Flare,4x6FQU2iUreLjeqjFeW8LT,https://open.spotify.com/track/4x6FQU2iUreLjeqjFeW8LT
291,electronic,91,/content/electronic/91.mp3,Solar Cycle,Flare,Cafe del Soul,0lmjSfY3hltCNijYp9uJgw,https://open.spotify.com/track/0lmjSfY3hltCNijYp9uJgw
292,electronic,92,/content/electronic/92.mp3,Solar Cycle,Flare,Vibes of Comfort,15rlNT2YQPrJhellZr6ulL,https://open.spotify.com/track/15rlNT2YQPrJhellZr6ulL
293,electronic,93,/content/electronic/93.mp3,Solar Cycle,Flare,Devil in Love,6YUjsOAkT8RHg7N2XQQPWl,https://open.spotify.com/track/6YUjsOAkT8RHg7N2XQQPWl
294,electronic,94,/content/electronic/94.mp3,Solar Cycle,Flare,Flying,55YdMK0PYqSBrjbmSw6Ssm,https://open.spotify.com/track/55YdMK0PYqSBrjbmSw6Ssm
295,electronic,95,/content/electronic/95.mp3,Solar Cycle,Flare,Easter,0kYv7SYxA3HzVHps3lthfb,https://open.spotify.com/track/0kYv7SYxA3HzVHps3lthfb
296,electronic,96,/content/electronic/96.mp3,Solar Cycle,Flare,Frequencies,1AUVP4IrqwSUVEr0p2KnOf,https://open.spotify.com/track/1AUVP4IrqwSUVEr0p2KnOf
297,electronic,97,/content/electronic/97.mp3,Solar Cycle,Flare,Night to Remember,5drX31P78MzDuZQBxndL4d,https://open.spotify.com/track/5drX31P78MzDuZQBxndL4d
298,electronic,98,/content/electronic/98.mp3,Solar Cycle,Flare,Smooth Guitar,4YbZ72hjKW8DICqsMu7KlT,https://open.spotify.com/track/4YbZ72hjKW8DICqsMu7KlT
299,electronic,99,/content/electronic/99.mp3,Solar Cycle,Flare,Viento,3A2LodhQeUWJbc2qqZldvM,https://open.spotify.com/track/3A2LodhQeUWJbc2qqZldvM
300,electronic,100,/content/electronic/100.mp3,Mantic,Eponyms,Shura Remix (Deadpan Escapement vinyl only release),4H0gta6IBb9vkE9En9qV6P,https://open.spotify.com/track/4H0gta6IBb9vkE9En9qV6P
301,pop,1,/content/pop/1.mp3,Brad Senne,Brad Senne,Beyond Late,6zca0rbaTNFpsdI3X7H5VC,https://open.spotify.com/track/6zca0rbaTNFpsdI3X7H5VC
302,pop,2,/content/pop/2.mp3,Michael Joy,River Of Days,To Climb,6wzk3fSXxrIKZ8iFrjobzk,https://open.spotify.com/track/6wzk3fSXxrIKZ8iFrjobzk
303,pop,3,/content/pop/3.mp3,Norine Braun,Crow,Salem,2vxBwUaWVwy2xUGJda20FA,https://open.spotify.com/track/2vxBwUaWVwy2xUGJda20FA
304,pop,4,/content/pop/4.mp3,Norine Braun,Miles to Go,Persephone,7G0o0XzwXMwxiUyouXuSqZ,https://open.spotify.com/track/7G0o0XzwXMwxiUyouXuSqZ
305,pop,5,/content/pop/5.mp3,Shane Jackman,Sanctuary,Sanctuary ,1IqARIYJASvO0aMqMPFgbn,https://open.spotify.com/track/1IqARIYJASvO0aMqMPFgbn
306,pop,6,/content/pop/6.mp3,John Jackson,Bad Things Happen All The Time,Fifteen Minutes,1vOaRX2exhwMAXbKBOY1IH,https://open.spotify.com/track/1vOaRX2exhwMAXbKBOY1IH
307,pop,7,/content/pop/7.mp3,Hazelmain,Sooner or Later,Drink the Night,,https://open.spotify.com/track/
308,pop,8,/content/pop/8.mp3,C Layne,VI,The Alkonost,7dcnkKpvOPhRiwtXwa02Tx,https://open.spotify.com/track/7dcnkKpvOPhRiwtXwa02Tx
309,pop,9,/content/pop/9.mp3,Falling You,Faith,A Warning to Giants,289TxFOFcB5BBOBIDqGRhZ,https://open.spotify.com/track/289TxFOFcB5BBOBIDqGRhZ
310,pop,10,/content/pop/10.mp3,Hazelmain,Sooner or Later,A Moment too Soon,,https://open.spotify.com/track/
311,pop,11,/content/pop/11.mp3,Artemis,Orbits,Fountain of Life (Lean On It Mix) - DJ Anser,0Lx0ZLEuLyF62EgznWHBup,https://open.spotify.com/track/0Lx0ZLEuLyF62EgznWHBup
312,pop,12,/content/pop/12.mp3,Beight,File In Rhythm,Invisible City,6a4568McP0rLvZajcbhu3L,https://open.spotify.com/track/6a4568McP0rLvZajcbhu3L
313,pop,13,/content/pop/13.mp3,Beight,File In Rhythm,File in Rhythm,7g2s3zE1ghARQGOm0aVwOI,https://open.spotify.com/track/7g2s3zE1ghARQGOm0aVwOI
314,pop,14,/content/pop/14.mp3,C Layne,Potemkin Villages,You are the reason,74UzqB9KbZmS9qLCKw5J2Q,https://open.spotify.com/track/74UzqB9KbZmS9qLCKw5J2Q
315,pop,15,/content/pop/15.mp3,Beight,File In Rhythm,Ghostly Feeling,2s6nqtceLIaGDr3yFfn42r,https://open.spotify.com/track/2s6nqtceLIaGDr3yFfn42r
316,pop,16,/content/pop/16.mp3,Curl,Ultimate Station,Fly Free,6XEIAQMtK4XF7jKg72aT3q,https://open.spotify.com/track/6XEIAQMtK4XF7jKg72aT3q
317,pop,17,/content/pop/17.mp3,DJ Cary,Downtempo Chill 2,Calm (Ammonite),1WkmiAiOnvigKAk7c2g9Iz,https://open.spotify.com/track/1WkmiAiOnvigKAk7c2g9Iz
318,pop,18,/content/pop/18.mp3,DJ Cary,Power Synths,Call me Snake (Dr Kuch),4bEKgERzLA7AZ9HBQXnwS9,https://open.spotify.com/track/4bEKgERzLA7AZ9HBQXnwS9
319,pop,19,/content/pop/19.mp3,Falling You,Human,Destiny Trip,1iTfAtUoxVAgSwhv9KDN74,https://open.spotify.com/track/1iTfAtUoxVAgSwhv9KDN74
320,pop,20,/content/pop/20.mp3,Falling You,Touch,something about eve ,6Gzf5FOCFLW3WHJrgFaDPb,https://open.spotify.com/track/6Gzf5FOCFLW3WHJrgFaDPb
321,pop,21,/content/pop/21.mp3,Five Star Fall,Automatic Ordinary,Mercurial Girl,4AlR7sQxfJbCbPXfZU7uWj,https://open.spotify.com/track/4AlR7sQxfJbCbPXfZU7uWj
322,pop,22,/content/pop/22.mp3,Four Stones,Chronic Dreams,Brilliant Day (Chronic Mix),7FSppBG01PYoX9Lb9g0uii,https://open.spotify.com/track/7FSppBG01PYoX9Lb9g0uii
323,pop,23,/content/pop/23.mp3,Four Stones,La Vie Chill,Till My Cup Runs Over,4SUFZRphiVMaqNB8E2vg2P,https://open.spotify.com/track/4SUFZRphiVMaqNB8E2vg2P
324,pop,24,/content/pop/24.mp3,John Jackson,Bad Things Happen All The Time,Fire,7FUZ7NWGdzW1Pp0vGk5Rrk,https://open.spotify.com/track/7FUZ7NWGdzW1Pp0vGk5Rrk
325,pop,25,/content/pop/25.mp3,Lisa DeBenedictis,Fruitless,Brilliant Day,,https://open.spotify.com/track/
326,pop,26,/content/pop/26.mp3,Lisa DeBenedictis,Mixter One,Below-DU-remix by deutscheunschuld,6bayf7gg9XDMWutNrc120N,https://open.spotify.com/track/6bayf7gg9XDMWutNrc120N
327,pop,27,/content/pop/27.mp3,Lisa DeBenedictis,Tigers,Tigers,67mzU5tiOgoVBpPnSwFyQ4,https://open.spotify.com/track/67mzU5tiOgoVBpPnSwFyQ4
328,pop,28,/content/pop/28.mp3,Magnatune Remixed,Ridin the Faders 2,Shining Star Games (Az Egan Csillag Lenni) - Fourstones,0TJXIlBUZK22kn4MVhxUa2,https://open.spotify.com/track/0TJXIlBUZK22kn4MVhxUa2
329,pop,29,/content/pop/29.mp3,Anamar,Transfado,Pais oceano (Ocean Country),2ztDKcPLJyAnY2FDu83JTV,https://open.spotify.com/track/2ztDKcPLJyAnY2FDu83JTV
330,pop,30,/content/pop/30.mp3,Hazelmain,Sooner or Later,Sooner or Later,,https://open.spotify.com/track/
331,pop,31,/content/pop/31.mp3,Mercy Machine,In Your Bed,Fountain Street,2QcL4MtdsPRVTnlSaLgXvj,https://open.spotify.com/track/2QcL4MtdsPRVTnlSaLgXvj
332,pop,32,/content/pop/32.mp3,Mercy Machine,Mercy Machine,Bastard,4UMod3yIDoRIyG5kwzMfIF,https://open.spotify.com/track/4UMod3yIDoRIyG5kwzMfIF
333,pop,33,/content/pop/33.mp3,Mercy Machine,The Devil I Know,30 Years,1Tu76wEjhg83rBZ4PIRPoW,https://open.spotify.com/track/1Tu76wEjhg83rBZ4PIRPoW
334,pop,34,/content/pop/34.mp3,Minstrel Spirit,Enter The Woods,The lonely minstrel part 1 (edited version),7oarNp1oqoQ5NXmQ7HP01X,https://open.spotify.com/track/7oarNp1oqoQ5NXmQ7HP01X
335,pop,35,/content/pop/35.mp3,Norine Braun,and the Mood Swings,Frontliner Blues,1doWNbUKskRhj8IShKvoRm,https://open.spotify.com/track/1doWNbUKskRhj8IShKvoRm
336,pop,36,/content/pop/36.mp3,Norine Braun,Modern Anguish,Modern Anguish,4TdZv11HT0yWlC214I11yb,https://open.spotify.com/track/4TdZv11HT0yWlC214I11yb
337,pop,37,/content/pop/37.mp3,Norine Braun,Now and Zen,Jade,2R7EuaiSezBD50SOBVnVF7,https://open.spotify.com/track/2R7EuaiSezBD50SOBVnVF7
338,pop,38,/content/pop/38.mp3,Plunkett,14 Days,The River,005afuxpF5QrVXMthwzpW8,https://open.spotify.com/track/005afuxpF5QrVXMthwzpW8
339,pop,39,/content/pop/39.mp3,Four Stones,La Vie Chill,Laying Down Lounge,1L38YNd5ItRpIL3oKlEJQI,https://open.spotify.com/track/1L38YNd5ItRpIL3oKlEJQI
340,pop,40,/content/pop/40.mp3,Self Delusion,Happiness Hurts Me,Excerpt From Alice,4Vd4bl2mqGDDdoQVsFK4ug,https://open.spotify.com/track/4Vd4bl2mqGDDdoQVsFK4ug
341,pop,41,/content/pop/41.mp3,Sun Palace,Give Me a Perfect World,Give Me a Perfect World,5g12XmtVI1pfyIMavLAcGj,https://open.spotify.com/track/5g12XmtVI1pfyIMavLAcGj
342,pop,42,/content/pop/42.mp3,Sun Palace,Into Heaven,Into Heaven ,1itSE21FYivCPSIvSIPNuA,https://open.spotify.com/track/1itSE21FYivCPSIvSIPNuA
343,pop,43,/content/pop/43.mp3,The Kokoon,Berlin,Impressions,,https://open.spotify.com/track/
344,pop,44,/content/pop/44.mp3,The Kokoon,Erase,Calling ,,https://open.spotify.com/track/
345,pop,45,/content/pop/45.mp3,The West Exit,Nocturne,Nocturne,,https://open.spotify.com/track/
346,pop,46,/content/pop/46.mp3,TranceVision,Lemuria,Enertia,0v9Syhs24QIaMlNvgluq3W,https://open.spotify.com/track/0v9Syhs24QIaMlNvgluq3W
347,pop,47,/content/pop/47.mp3,Williamson,A few things to hear before we all blow up,2 percent er,5hMXF2auMtjODFnV9Tq8iz,https://open.spotify.com/track/5hMXF2auMtjODFnV9Tq8iz
348,pop,48,/content/pop/48.mp3,Yongen,Moonrise,Moonrise,6X7ru5ho6snrCBNj4oS2rV,https://open.spotify.com/track/6X7ru5ho6snrCBNj4oS2rV
349,pop,49,/content/pop/49.mp3,Yongen,Yello Haus,Rise,2yp3zMZ6YwANc4osXZ0EaT,https://open.spotify.com/track/2yp3zMZ6YwANc4osXZ0EaT
350,pop,50,/content/pop/50.mp3,Michael Joy,Float,River of Light,7Df1TTG6nB0677I4guMSk3,https://open.spotify.com/track/7Df1TTG6nB0677I4guMSk3
351,pop,51,/content/pop/51.mp3,Michael Joy,Float,Between The Lies,6eaEmktiQTDpCMvErZT4l7,https://open.spotify.com/track/6eaEmktiQTDpCMvErZT4l7
352,pop,52,/content/pop/52.mp3,Norine Braun,Crow,Slipping into Violet,3DkWATTGfzcCB8a1QO353b,https://open.spotify.com/track/3DkWATTGfzcCB8a1QO353b
353,pop,53,/content/pop/53.mp3,Norine Braun,Miles to Go,Wounded Little Bird,3qt2h7fUjzs2ahBkuA7d0k,https://open.spotify.com/track/3qt2h7fUjzs2ahBkuA7d0k
354,pop,54,/content/pop/54.mp3,Williamson,A few things to hear before we all blow up,rubber,5s0OTIsI9kQoSR73z40rAO,https://open.spotify.com/track/5s0OTIsI9kQoSR73z40rAO
355,pop,55,/content/pop/55.mp3,Sun Palace,Into Heaven,There Once Was A Time ,3tRPZ6m7FLcEgeZQ7C831g,https://open.spotify.com/track/3tRPZ6m7FLcEgeZQ7C831g
356,pop,56,/content/pop/56.mp3,C Layne,VI,The Collider,3OiUtsgDUO7DqsObIV4gp0,https://open.spotify.com/track/3OiUtsgDUO7DqsObIV4gp0
357,pop,57,/content/pop/57.mp3,Sun Palace,Give Me a Perfect World,Round and Round,0zU0JBMNoJ7M9a81XDMfZ0,https://open.spotify.com/track/0zU0JBMNoJ7M9a81XDMfZ0
358,pop,58,/content/pop/58.mp3,Self Delusion,Happiness Hurts Me,Unemotional,7vbZw1dIpC9GzIXyIRMnOT,https://open.spotify.com/track/7vbZw1dIpC9GzIXyIRMnOT
359,pop,59,/content/pop/59.mp3,Norine Braun,and the Mood Swings,Give Me Love,63l3gQQW4gLYmV77bAICKb,https://open.spotify.com/track/63l3gQQW4gLYmV77bAICKb
360,pop,60,/content/pop/60.mp3,Artemis,Orbits,Charming Gun (Vibe Me Mix) - Nautilis,4wHxvYuzywJBpBxzlseTwe,https://open.spotify.com/track/4wHxvYuzywJBpBxzlseTwe
361,pop,61,/content/pop/61.mp3,Artemis,Undone,Changing Sky,46Nq5cMzPrp5rxsdN6D0ao,https://open.spotify.com/track/46Nq5cMzPrp5rxsdN6D0ao
362,pop,62,/content/pop/62.mp3,Beight,File In Rhythm,Parallels,17QIBET7gAmQLM4hkRS6QU,https://open.spotify.com/track/17QIBET7gAmQLM4hkRS6QU
363,pop,63,/content/pop/63.mp3,Plunkett,14 Days,Up A Hill,03BRAnYHRKPEbeA9lgJVQ3,https://open.spotify.com/track/03BRAnYHRKPEbeA9lgJVQ3
364,pop,64,/content/pop/64.mp3,C Layne,The Sun Will Come Out to Blind You,Just My Luck,2uOxABY87YtHwZqpz2XlXK,https://open.spotify.com/track/2uOxABY87YtHwZqpz2XlXK
365,pop,65,/content/pop/65.mp3,Norine Braun,Now and Zen,Now and Zen,3X3Mv2MzOEyHnyNm8xFxyu,https://open.spotify.com/track/3X3Mv2MzOEyHnyNm8xFxyu
366,pop,66,/content/pop/66.mp3,Norine Braun,and the Mood Swings,Give Me Love,63l3gQQW4gLYmV77bAICKb,https://open.spotify.com/track/63l3gQQW4gLYmV77bAICKb
367,pop,67,/content/pop/67.mp3,Mercy Machine,In Your Bed,My Joan Of Arc,7ySd10jpIqjAn4ibd3GFkM,https://open.spotify.com/track/7ySd10jpIqjAn4ibd3GFkM
368,pop,68,/content/pop/68.mp3,Michael Joy,River Of Days,Night Flight Over Water,2PFsw9mHIqucYGbGNymezS,https://open.spotify.com/track/2PFsw9mHIqucYGbGNymezS
369,pop,69,/content/pop/69.mp3,Magnatune Remixed,Ridin the Faders 2,Brilliant Daze (Days Are Confused Mix) - Pat Chilla,4eKJbAMbAq46LlR9MXZBsm,https://open.spotify.com/track/4eKJbAMbAq46LlR9MXZBsm
370,pop,70,/content/pop/70.mp3,Lisa DeBenedictis,Tigers,Below,78EwtjBcbw9hr3ohKlBi6t,https://open.spotify.com/track/78EwtjBcbw9hr3ohKlBi6t
371,pop,71,/content/pop/71.mp3,Five Star Fall,Automatic Ordinary,What Planet Are We On,07AJckV3u1hj2Gibc40DR6,https://open.spotify.com/track/07AJckV3u1hj2Gibc40DR6
372,pop,72,/content/pop/72.mp3,Lisa DeBenedictis,Fruitless,Planet You,,https://open.spotify.com/track/
373,pop,73,/content/pop/73.mp3,Norine Braun,and the Mood Swings,Wounded Little Bird,07NgtAas2v3pKUrwPczbnQ,https://open.spotify.com/track/07NgtAas2v3pKUrwPczbnQ
374,pop,74,/content/pop/74.mp3,Beight,File In Rhythm,In The Middle,3McM1V9xNzITbVytG9y1eT,https://open.spotify.com/track/3McM1V9xNzITbVytG9y1eT
375,pop,75,/content/pop/75.mp3,Arthur Yoria,Handshake Smiles,Clean For Free,1hQ7TyjyXWbqzVieZlAMoJ,https://open.spotify.com/track/1hQ7TyjyXWbqzVieZlAMoJ
376,pop,76,/content/pop/76.mp3,Hazelmain,Sooner or Later,Home to You,,https://open.spotify.com/track/
377,pop,77,/content/pop/77.mp3,Beight,File In Rhythm,Fill Me Up,6nYY5PqeHZxS36eN6DFihX,https://open.spotify.com/track/6nYY5PqeHZxS36eN6DFihX
378,pop,78,/content/pop/78.mp3,Arthur Yoria,Handshake Smiles,Handshake Smiles,7jRLFgMTbRmNzkoPcpD9So,https://open.spotify.com/track/7jRLFgMTbRmNzkoPcpD9So
379,pop,79,/content/pop/79.mp3,Norine Braun,and the Mood Swings,No More,0118oVZr9LrqE8SbNscz7n,https://open.spotify.com/track/0118oVZr9LrqE8SbNscz7n
380,pop,80,/content/pop/80.mp3,Hazelmain,Sooner or Later,Better Days,,https://open.spotify.com/track/
381,pop,81,/content/pop/81.mp3,Arthur Yoria,Handshake Smiles,Jimmy's Rig,5mw1R0uYpQ2U2nvpNMttjc,https://open.spotify.com/track/5mw1R0uYpQ2U2nvpNMttjc
382,pop,82,/content/pop/82.mp3,Beight,File In Rhythm,Don't Do Me No Harm,67AVln8MWzh6uBEMxBippa,https://open.spotify.com/track/67AVln8MWzh6uBEMxBippa
383,pop,83,/content/pop/83.mp3,Hazelmain,Sooner or Later,Say you Will,,https://open.spotify.com/track/
384,pop,84,/content/pop/84.mp3,Norine Braun,and the Mood Swings,Fools,5aeb9OZ5BRoqlaZZPb5ruZ,https://open.spotify.com/track/5aeb9OZ5BRoqlaZZPb5ruZ
385,pop,85,/content/pop/85.mp3,Arthur Yoria,Handshake Smiles,Love Song in G,2IQ2fup66YiG4vdMyHKu7b,https://open.spotify.com/track/2IQ2fup66YiG4vdMyHKu7b
386,pop,86,/content/pop/86.mp3,Anamar,Transfado,Ovelha negra (Black sheep),0Ig56bTNPA7fq9BAKk1Hsy,https://open.spotify.com/track/0Ig56bTNPA7fq9BAKk1Hsy
387,pop,87,/content/pop/87.mp3,Beight,File In Rhythm,Get What You Want?,3DuL0N4KeYMUPvFo1XGCZI,https://open.spotify.com/track/3DuL0N4KeYMUPvFo1XGCZI
388,pop,88,/content/pop/88.mp3,Anamar,Transfado,O Pobre (The Pauper),3V6IduaHy6yVX3VbXpJKoZ,https://open.spotify.com/track/3V6IduaHy6yVX3VbXpJKoZ
389,pop,89,/content/pop/89.mp3,Norine Braun,and the Mood Swings,One Breath,66xnEwq2wo5NzRPaZtg7vX,https://open.spotify.com/track/66xnEwq2wo5NzRPaZtg7vX
390,pop,90,/content/pop/90.mp3,Arthur Yoria,Handshake Smiles,Cuttin a Rug,2ufNwAztfLKxl5rLCMlof1,https://open.spotify.com/track/2ufNwAztfLKxl5rLCMlof1
391,pop,91,/content/pop/91.mp3,Beight,File In Rhythm,Superhero Song,6aiXfd2imxG8nRJOkCW5cs,https://open.spotify.com/track/6aiXfd2imxG8nRJOkCW5cs
392,pop,92,/content/pop/92.mp3,Hazelmain,Sooner or Later,Lillas,,https://open.spotify.com/track/
393,pop,93,/content/pop/93.mp3,Beight,File In Rhythm,Without Warning,0Z4oHi8z11zchn6O2lXkWa,https://open.spotify.com/track/0Z4oHi8z11zchn6O2lXkWa
394,pop,94,/content/pop/94.mp3,Norine Braun,and the Mood Swings,Cruel Streak,6DP6DRBKUMPBWhEYI1UzJE,https://open.spotify.com/track/6DP6DRBKUMPBWhEYI1UzJE
395,pop,95,/content/pop/95.mp3,Arthur Yoria,Handshake Smiles,Sandy,1FoocR3cF7lqedFUnaaqD1,https://open.spotify.com/track/1FoocR3cF7lqedFUnaaqD1
396,pop,96,/content/pop/96.mp3,Hazelmain,Sooner or Later,Another Reason,,https://open.spotify.com/track/
397,pop,97,/content/pop/97.mp3,Norine Braun,and the Mood Swings,Devil's Daughter,3zdnNQ7KUBC8ajSgG8x9Q0,https://open.spotify.com/track/3zdnNQ7KUBC8ajSgG8x9Q0
398,pop,98,/content/pop/98.mp3,Arthur Yoria,Handshake Smiles,I Told You Not to Write Again,5ZZrvlmfGdEzDKh4vl8234,https://open.spotify.com/track/5ZZrvlmfGdEzDKh4vl8234
399,pop,99,/content/pop/99.mp3,Beight,File In Rhythm,Junior High Smiles,1KnSKAAY6zeJxNfbsTYRW2,https://open.spotify.com/track/1KnSKAAY6zeJxNfbsTYRW2
400,pop,100,/content/pop/100.mp3,Norine Braun,and the Mood Swings,The One That Got Away,2MZMusFPpultl7zAuHnrkF,https://open.spotify.com/track/2MZMusFPpultl7zAuHnrkF
